{"initial_reset_timestamp": 1652118543.218725, "timestamps": [1652118546.349946, 1652118548.5372102, 1652118548.664286, 1652118548.7046502, 1652118548.7451174, 1652118548.7864852, 1652118548.826752, 1652118548.8673573, 1652118550.992167, 1652118551.1213343, 1652118551.1629477, 1652118551.2039711, 1652118551.2484908, 1652118551.2904282, 1652118551.3315082, 1652118551.3755, 1652118551.423889, 1652118551.4666078, 1652118551.506986, 1652118551.5473711, 1652118551.5879467, 1652118551.6282752, 1652118551.66927, 1652118551.7098048, 1652118551.7505841, 1652118551.791859, 1652118551.83276, 1652118553.945809, 1652118554.0794144, 1652118554.1206682, 1652118554.1614811, 1652118554.2021413, 1652118554.2452784, 1652118554.2862134, 1652118554.3267465, 1652118554.3677945, 1652118554.4095938, 1652118554.461552, 1652118554.5032666, 1652118554.5456302, 1652118554.5879622, 1652118554.6293025, 1652118554.6708682, 1652118554.7127078, 1652118554.754113, 1652118554.7956016, 1652118554.8371322, 1652118554.8786519, 1652118554.9223824, 1652118554.964267, 1652118555.0142822, 1652118555.055733, 1652118555.0977836, 1652118555.138109, 1652118555.178382, 1652118555.2194936, 1652118555.2627387, 1652118555.3073077, 1652118555.3476515, 1652118555.3918579, 1652118555.432401, 1652118555.4832642, 1652118555.5269465, 1652118555.5679424, 1652118557.692997, 1652118557.8213682, 1652118557.8669827, 1652118557.910289, 1652118557.9524715, 1652118557.9945345, 1652118558.042882, 1652118558.0865219, 1652118558.1294003, 1652118558.1717896, 1652118558.2129118, 1652118558.256686, 1652118558.3019133, 1652118558.3454278, 1652118558.386445, 1652118558.427003, 1652118558.4673069, 1652118558.5074723, 1652118558.558135, 1652118558.5983005, 1652118558.6386182, 1652118558.6782432, 1652118558.7177868, 1652118558.7581596, 1652118558.798405, 1652118558.8386912, 1652118558.8782873, 1652118558.9247944, 1652118558.9672294, 1652118559.0086794, 1652118559.0497358, 1652118559.0897226, 1652118559.1303487, 1652118559.1700544, 1652118559.2125168, 1652118559.2548285], "episode_lengths": [200, 200, 200, 200, 200, 200, 200, 200, 200, 200, 200, 200, 200, 200, 200, 200, 200, 200, 200, 200, 200, 200, 200, 200, 200, 200, 200, 200, 200, 200, 200, 200, 200, 200, 200, 200, 200, 200, 200, 200, 200, 200, 200, 200, 200, 200, 200, 200, 200, 200, 200, 200, 200, 200, 200, 200, 200, 200, 200, 200, 200, 200, 200, 200, 200, 200, 200, 200, 200, 200, 200, 200, 200, 200, 200, 200, 200, 200, 200, 200, 200, 200, 200, 200, 200, 200, 200, 200, 200, 200, 200, 200, 200, 200, 200, 200, 200, 200, 200, 200], "episode_rewards": [200.0, 200.0, 200.0, 200.0, 200.0, 200.0, 200.0, 200.0, 200.0, 200.0, 200.0, 200.0, 200.0, 200.0, 200.0, 200.0, 200.0, 200.0, 200.0, 200.0, 200.0, 200.0, 200.0, 200.0, 200.0, 200.0, 200.0, 200.0, 200.0, 200.0, 200.0, 200.0, 200.0, 200.0, 200.0, 200.0, 200.0, 200.0, 200.0, 200.0, 200.0, 200.0, 200.0, 200.0, 200.0, 200.0, 200.0, 200.0, 200.0, 200.0, 200.0, 200.0, 200.0, 200.0, 200.0, 200.0, 200.0, 200.0, 200.0, 200.0, 200.0, 200.0, 200.0, 200.0, 200.0, 200.0, 200.0, 200.0, 200.0, 200.0, 200.0, 200.0, 200.0, 200.0, 200.0, 200.0, 200.0, 200.0, 200.0, 200.0, 200.0, 200.0, 200.0, 200.0, 200.0, 200.0, 200.0, 200.0, 200.0, 200.0, 200.0, 200.0, 200.0, 200.0, 200.0, 200.0, 200.0, 200.0, 200.0, 200.0], "episode_types": ["t", "t", "t", "t", "t", "t", "t", "t", "t", "t", "t", "t", "t", "t", "t", "t", "t", "t", "t", "t", "t", "t", "t", "t", "t", "t", "t", "t", "t", "t", "t", "t", "t", "t", "t", "t", "t", "t", "t", "t", "t", "t", "t", "t", "t", "t", "t", "t", "t", "t", "t", "t", "t", "t", "t", "t", "t", "t", "t", "t", "t", "t", "t", "t", "t", "t", "t", "t", "t", "t", "t", "t", "t", "t", "t", "t", "t", "t", "t", "t", "t", "t", "t", "t", "t", "t", "t", "t", "t", "t", "t", "t", "t", "t", "t", "t", "t", "t", "t", "t"]}