{"initial_reset_timestamp": 1653950781.9391315, "timestamps": [1653950807.8858933, 1653950830.8145523, 1653950846.4051478, 1653950862.785007, 1653950882.7558942, 1653950904.0390484, 1653950925.6274416, 1653950954.9611123, 1653950980.249717, 1653951002.3666875, 1653951015.2142031, 1653951028.704185, 1653951049.5973732, 1653951064.9212754, 1653951078.9869683, 1653951099.1968117, 1653951122.284849, 1653951140.813536, 1653951154.6559017, 1653951165.182615], "episode_lengths": [2324, 2458, 2224, 2393, 2636, 2287, 2814, 3374, 2200, 2471, 1856, 1672, 2072, 2214, 1673, 2102, 2486, 2394, 1686, 1379], "episode_rewards": [5000.0, 6800.0, 7300.0, 6100.0, 9500.0, 6100.0, 8200.0, 11900.0, 8100.0, 8200.0, 4300.0, 2200.0, 4800.0, 4000.0, 3400.0, 5800.0, 7400.0, 7400.0, 4700.0, 1800.0], "episode_types": ["t", "t", "t", "t", "t", "t", "t", "t", "t", "t", "t", "t", "t", "t", "t", "t", "t", "t", "t", "t"]}