{"initial_reset_timestamp": 1653939248.4111943, "timestamps": [1653939250.6259575, 1653939252.853523, 1653939253.0031207, 1653939253.0547156, 1653939253.1040165, 1653939253.154155, 1653939253.2039225, 1653939253.2542846, 1653939255.3597727, 1653939255.4991777, 1653939255.5483856, 1653939255.5990424, 1653939255.6507814, 1653939255.70031, 1653939255.749871, 1653939255.798854, 1653939255.8483226, 1653939255.9005408, 1653939255.9511926, 1653939256.001677, 1653939256.0640895, 1653939256.1137648, 1653939256.1645067, 1653939256.214071, 1653939256.2640715, 1653939256.3134868, 1653939256.3631556, 1653939258.512933, 1653939258.6519563, 1653939258.7024038, 1653939258.752256, 1653939258.8024075, 1653939258.8545315, 1653939258.905577, 1653939258.955213, 1653939259.004569, 1653939259.0546696, 1653939259.111938, 1653939259.1645615, 1653939259.2152936, 1653939259.2661445, 1653939259.3162162, 1653939259.367997, 1653939259.4243765, 1653939259.478708, 1653939259.5341737, 1653939259.5849297, 1653939259.639258, 1653939259.6936994, 1653939259.7498412, 1653939259.8003674, 1653939259.8578765, 1653939259.908716, 1653939259.963606, 1653939260.0170717, 1653939260.0717988, 1653939260.1268325, 1653939260.181565, 1653939260.2299607, 1653939260.278816, 1653939260.328197, 1653939260.3861837, 1653939260.4388509, 1653939260.4967039, 1653939262.6707819, 1653939262.8131504, 1653939262.8679132, 1653939262.917698, 1653939262.9692583, 1653939263.0189652, 1653939263.069951, 1653939263.1197283, 1653939263.1690705, 1653939263.2315483, 1653939263.2808442, 1653939263.330125, 1653939263.3798037, 1653939263.4350905, 1653939263.4845562, 1653939263.5347679, 1653939263.5839427, 1653939263.6335328, 1653939263.683227, 1653939263.7398753, 1653939263.79025, 1653939263.8402293, 1653939263.8941298, 1653939263.943161, 1653939263.9933126, 1653939264.0449188, 1653939264.0947974, 1653939264.1445785, 1653939264.1940606, 1653939264.2543075, 1653939264.3062444, 1653939264.3568704, 1653939264.4062963, 1653939264.4578142, 1653939264.507091, 1653939264.5565104], "episode_lengths": [200, 200, 200, 200, 200, 200, 200, 200, 200, 200, 200, 200, 200, 200, 200, 200, 200, 200, 200, 200, 200, 200, 200, 200, 200, 200, 200, 200, 200, 200, 200, 200, 200, 200, 200, 200, 200, 200, 200, 200, 200, 200, 200, 200, 200, 200, 200, 200, 200, 200, 200, 200, 200, 200, 200, 200, 200, 200, 200, 200, 200, 200, 200, 200, 200, 200, 200, 200, 200, 200, 200, 200, 200, 200, 200, 200, 200, 200, 200, 200, 200, 200, 200, 200, 200, 200, 200, 200, 200, 200, 200, 200, 200, 200, 200, 200, 200, 200, 200, 200], "episode_rewards": [200.0, 200.0, 200.0, 200.0, 200.0, 200.0, 200.0, 200.0, 200.0, 200.0, 200.0, 200.0, 200.0, 200.0, 200.0, 200.0, 200.0, 200.0, 200.0, 200.0, 200.0, 200.0, 200.0, 200.0, 200.0, 200.0, 200.0, 200.0, 200.0, 200.0, 200.0, 200.0, 200.0, 200.0, 200.0, 200.0, 200.0, 200.0, 200.0, 200.0, 200.0, 200.0, 200.0, 200.0, 200.0, 200.0, 200.0, 200.0, 200.0, 200.0, 200.0, 200.0, 200.0, 200.0, 200.0, 200.0, 200.0, 200.0, 200.0, 200.0, 200.0, 200.0, 200.0, 200.0, 200.0, 200.0, 200.0, 200.0, 200.0, 200.0, 200.0, 200.0, 200.0, 200.0, 200.0, 200.0, 200.0, 200.0, 200.0, 200.0, 200.0, 200.0, 200.0, 200.0, 200.0, 200.0, 200.0, 200.0, 200.0, 200.0, 200.0, 200.0, 200.0, 200.0, 200.0, 200.0, 200.0, 200.0, 200.0, 200.0], "episode_types": ["t", "t", "t", "t", "t", "t", "t", "t", "t", "t", "t", "t", "t", "t", "t", "t", "t", "t", "t", "t", "t", "t", "t", "t", "t", "t", "t", "t", "t", "t", "t", "t", "t", "t", "t", "t", "t", "t", "t", "t", "t", "t", "t", "t", "t", "t", "t", "t", "t", "t", "t", "t", "t", "t", "t", "t", "t", "t", "t", "t", "t", "t", "t", "t", "t", "t", "t", "t", "t", "t", "t", "t", "t", "t", "t", "t", "t", "t", "t", "t", "t", "t", "t", "t", "t", "t", "t", "t", "t", "t", "t", "t", "t", "t", "t", "t", "t", "t", "t", "t"]}